City_ID,City,Country,Date,Lat,Lng,Max Temp,Humidity,Cloudiness,Wind Speed
0,Vernon,CA,2022-02-03 03:36:16,50.2581,-119.2691,21.61,86,100,2.3
1,Albany,US,2022-02-03 03:37:16,42.6001,-73.9662,43.38,81,100,3.31
2,Bethel,US,2022-02-03 03:37:17,41.3712,-73.414,39.65,90,75,0.0
3,Kamenka,RU,2022-02-03 03:33:52,51.3223,42.7678,31.75,100,100,2.26
4,Longyearbyen,SJ,2022-02-03 03:37:17,78.2186,15.6401,15.64,62,0,11.5
5,Dikson,RU,2022-02-03 03:37:18,73.5069,80.5464,-5.67,95,100,13.02
6,Labuhan,ID,2022-02-03 03:37:18,-6.8844,112.2051,84.96,68,79,7.11
7,Busselton,AU,2022-02-03 03:37:18,-33.65,115.3333,88.05,31,87,8.79
8,New Norfolk,AU,2022-02-03 03:37:19,-42.7826,147.0587,66.65,52,91,4.0
9,Puerto Ayora,EC,2022-02-03 03:36:06,-0.7393,-90.3518,74.55,93,1,5.99
10,Vaini,TO,2022-02-03 03:37:19,-21.2,-175.2,86.16,74,40,5.75
11,Sambava,MG,2022-02-03 03:34:29,-14.2667,50.1667,76.26,80,100,2.86
12,Kodiak,US,2022-02-03 03:33:54,57.79,-152.4072,38.71,87,100,12.66
13,Guasdualito,VE,2022-02-03 03:37:20,7.2424,-70.7324,75.2,78,8,1.14
14,Jamestown,US,2022-02-03 03:37:20,42.097,-79.2353,38.52,65,100,1.99
15,Punta Arenas,CL,2022-02-03 03:35:48,-53.15,-70.9167,44.71,70,75,4.61
16,Hermanus,ZA,2022-02-03 03:37:20,-34.4187,19.2345,65.89,81,0,14.25
17,Torres,BR,2022-02-03 03:37:21,-29.3353,-49.7269,72.82,93,58,9.46
18,Hvolsvollur,IS,2022-02-03 03:37:21,63.7533,-20.2243,19.81,89,93,7.09
19,Chicama,PE,2022-02-03 03:37:21,-7.8447,-79.1469,64.94,72,85,7.14
20,Kalmar,SE,2022-02-03 03:37:22,56.6616,16.3616,27.97,93,75,2.3
21,Columbus,US,2022-02-03 03:33:22,39.9612,-82.9988,41.61,96,100,9.22
22,Ponta Do Sol,PT,2022-02-03 03:37:22,32.6667,-17.1,67.71,69,99,9.69
23,Talovaya,RU,2022-02-03 03:37:22,51.1144,40.73,32.56,99,100,3.74
24,Green River,US,2022-02-03 03:34:02,41.5286,-109.4662,11.19,44,70,4.0
25,Ajdabiya,LY,2022-02-03 03:37:23,30.7554,20.2263,53.53,62,7,13.56
26,Mataura,NZ,2022-02-03 03:37:23,-46.1927,168.8643,57.47,68,100,5.19
27,Les Cayes,HT,2022-02-03 03:37:24,18.2,-73.75,73.44,85,9,3.74
28,Saskylakh,RU,2022-02-03 03:37:24,71.9167,114.0833,-32.39,100,17,2.42
29,Kahului,US,2022-02-03 03:37:24,20.8947,-156.47,81.66,72,20,5.75
30,Namibe,AO,2022-02-03 03:32:48,-15.1961,12.1522,70.57,74,29,7.47
31,Kharp,RU,2022-02-03 03:37:25,66.8014,65.8081,-3.35,99,100,2.51
32,Naze,JP,2022-02-03 03:33:31,28.3667,129.4833,54.52,87,100,19.1
33,Ushuaia,AR,2022-02-03 03:35:48,-54.8,-68.3,42.46,61,75,19.57
34,Zhitnevo,RU,2022-02-03 03:37:28,55.3423,37.9146,19.89,85,93,6.71
35,Ilulissat,GL,2022-02-03 03:37:29,69.2167,-51.1,-0.38,50,20,19.57
36,Ostrovnoy,RU,2022-02-03 03:37:29,68.0531,39.5131,20.1,90,100,14.45
37,Kiunga,PG,2022-02-03 03:37:29,-6.1219,141.2906,93.63,39,98,3.44
38,Chino,US,2022-02-03 03:32:59,34.0122,-117.6889,60.17,21,0,5.01
39,Isangel,VU,2022-02-03 03:37:30,-19.55,169.2667,89.71,66,75,4.61
40,Torbay,CA,2022-02-03 03:36:08,47.6666,-52.7314,24.28,92,40,12.66
41,Yellowknife,CA,2022-02-03 03:34:40,62.456,-114.3525,-28.71,75,40,5.75
42,Muros,ES,2022-02-03 03:37:31,42.7762,-9.0603,53.24,90,100,7.65
43,Imbituba,BR,2022-02-03 03:35:04,-28.24,-48.6703,78.82,90,82,10.67
44,Porto Santo,PT,2022-02-03 03:37:31,33.072,-16.3415,66.31,94,40,5.75
45,Bluff,NZ,2022-02-03 03:37:31,-46.6,168.3333,57.79,61,100,17.05
46,Kandrian,PG,2022-02-03 03:37:32,-6.2167,149.55,82.29,73,100,16.98
47,San Cristobal,VE,2022-02-03 03:36:12,7.7669,-72.225,71.78,61,8,1.54
48,Laguna,US,2022-02-03 03:37:32,38.421,-121.4238,55.24,47,0,1.99
49,Mimoso Do Sul,BR,2022-02-03 03:37:32,-21.0642,-41.3664,72.97,99,100,1.79
50,Mahebourg,MU,2022-02-03 03:37:33,-20.4081,57.7,79.09,94,75,26.46
51,Buala,SB,2022-02-03 03:37:16,-8.145,159.5921,78.78,88,100,13.62
52,Vanavara,RU,2022-02-03 03:35:22,60.34,102.2797,2.86,93,100,3.91
53,Lively,CA,2022-02-03 03:37:33,46.4334,-81.1498,20.21,73,100,8.16
54,Georgetown,MY,2022-02-03 03:37:35,5.4112,100.3354,89.53,80,20,1.01
55,Tuktoyaktuk,CA,2022-02-03 03:37:35,69.4541,-133.0374,-20.2,76,75,12.66
56,Nouadhibou,MR,2022-02-03 03:37:35,20.931,-17.0347,67.98,60,0,10.36
57,Hami,CN,2022-02-03 03:37:36,42.8,93.45,26.55,31,96,0.89
58,Sampit,ID,2022-02-03 03:37:36,-2.5333,112.95,83.64,77,94,1.03
59,Olinda,BR,2022-02-03 03:33:32,-8.0089,-34.8553,82.13,74,40,6.91
60,Jiuquan,CN,2022-02-03 03:37:36,39.7432,98.5174,27.14,26,27,2.59
61,Coria,ES,2022-02-03 03:37:37,39.9879,-6.5377,42.46,84,89,0.74
62,Victoria,HK,2022-02-03 03:37:37,22.2855,114.1577,57.33,81,100,1.01
63,Alatri,IT,2022-02-03 03:37:37,41.7306,13.3402,40.39,59,0,6.91
64,Codrington,AU,2022-02-03 03:37:38,-38.2667,141.9667,61.75,61,99,16.73
65,Zafarabad,IN,2022-02-03 03:37:38,25.7,82.7333,57.22,51,12,11.95
66,Shingu,JP,2022-02-03 03:37:38,33.7333,135.9833,47.39,42,100,10.0
67,Sungairaya,ID,2022-02-03 03:37:38,0.7,108.9,85.91,66,78,5.53
68,Coquimbo,CL,2022-02-03 03:35:52,-29.9533,-71.3436,62.33,88,0,1.14
69,Rodrigues Alves,BR,2022-02-03 03:37:39,-7.738,-72.6509,75.06,86,100,1.99
70,Requena,ES,2022-02-03 03:37:39,39.4883,-1.1004,44.8,46,26,5.93
71,Hofn,IS,2022-02-03 03:37:40,64.2539,-15.2082,30.99,62,100,13.65
72,Macaubas,BR,2022-02-03 03:37:40,-13.0194,-42.6986,70.83,80,53,2.19
73,Blankenberge,BE,2022-02-03 03:37:40,51.3131,3.1323,46.96,84,100,1.01
74,Sulangan,PH,2022-02-03 03:37:41,11.1373,123.7228,81.14,76,100,10.38
75,Pallavaram,IN,2022-02-03 03:37:41,12.9761,80.1836,78.71,83,20,3.44
76,Nisia Floresta,BR,2022-02-03 03:37:41,-6.0911,-35.2086,80.98,85,67,6.26
77,East London,ZA,2022-02-03 03:37:42,-33.0153,27.9116,70.74,100,100,5.75
78,Butaritari,KI,2022-02-03 03:37:42,3.0707,172.7902,81.59,79,100,15.59
79,Qaanaaq,GL,2022-02-03 03:37:43,77.484,-69.3632,-10.25,81,100,6.62
80,Cabo San Lucas,MX,2022-02-03 03:37:30,22.8909,-109.9124,70.52,74,100,10.36
81,Paita,PE,2022-02-03 03:37:43,-5.0892,-81.1144,72.21,76,54,13.27
82,Mananara,MG,2022-02-03 03:37:43,-16.1667,49.7667,75.18,82,100,3.49
83,Severo-Kurilsk,RU,2022-02-03 03:37:44,50.6789,156.125,30.72,77,100,9.84
84,Barentu,ER,2022-02-03 03:37:44,15.1139,37.5928,67.69,57,51,3.69
85,Kapaa,US,2022-02-03 03:37:44,22.0752,-159.319,78.78,71,75,1.01
86,Clyde River,CA,2022-02-03 03:37:45,70.4692,-68.5914,-16.37,76,100,17.27
87,Port Lincoln,AU,2022-02-03 03:33:47,-34.7333,135.8667,67.55,56,25,14.81
88,Avarua,CK,2022-02-03 03:32:50,-21.2078,-159.775,84.25,79,20,16.11
89,Tasiilaq,GL,2022-02-03 03:38:45,65.6145,-37.6368,12.36,74,99,7.87
90,Lingao,CN,2022-02-03 03:38:45,19.9103,109.6859,59.11,86,100,8.23
91,Rikitea,PF,2022-02-03 03:38:46,-23.1203,-134.9692,77.94,76,66,10.22
92,Hamilton,US,2022-02-03 03:38:46,39.1834,-84.5333,46.99,96,100,1.01
93,Lunino,RU,2022-02-03 03:38:47,53.5918,45.2271,30.9,99,100,3.62
94,Norman Wells,CA,2022-02-03 03:35:51,65.282,-126.8329,-25.56,68,75,8.05
95,Dunkwa,GH,2022-02-03 03:38:47,5.9656,-1.78,70.83,99,19,1.57
96,Husavik,IS,2022-02-03 03:38:47,66.0449,-17.3389,6.71,95,96,0.69
97,Tigil,RU,2022-02-03 03:38:48,57.8,158.6667,19.06,88,93,4.63
98,Cape Town,ZA,2022-02-03 03:38:48,-33.9258,18.4232,66.11,88,40,5.75
99,Port Alfred,ZA,2022-02-03 03:37:20,-33.5906,26.891,73.04,91,90,12.35
100,Saldanha,ZA,2022-02-03 03:38:49,-33.0117,17.9442,62.65,91,0,8.01
101,Port-Cartier,CA,2022-02-03 03:38:49,50.0334,-66.8654,28.74,99,100,9.91
102,Narsaq,GL,2022-02-03 03:33:59,60.9167,-46.05,7.02,60,100,15.28
103,Maraa,BR,2022-02-03 03:38:49,-1.8333,-65.3667,74.14,97,100,2.64
104,Todos Santos,MX,2022-02-03 03:38:50,23.45,-110.2167,70.02,76,86,3.44
105,Bonnyville,CA,2022-02-03 03:38:50,54.2668,-110.735,-11.88,91,100,9.13
106,Dangriga,BZ,2022-02-03 03:38:50,16.9692,-88.2321,77.99,86,0,8.59
107,Povenets,RU,2022-02-03 03:38:51,62.8487,34.8262,-1.82,99,88,3.2
108,San Ramon,US,2022-02-03 03:34:02,37.7799,-121.978,55.89,43,0,0.0
109,Souillac,MU,2022-02-03 03:36:14,-20.5167,57.5167,79.18,94,75,26.46
110,Xam Nua,LA,2022-02-03 03:38:51,20.4197,104.0439,63.34,72,96,2.57
111,Olafsvik,IS,2022-02-03 03:38:26,64.8945,-23.7142,28.42,52,18,2.73
112,Axim,GH,2022-02-03 03:38:52,4.8699,-2.2405,77.65,85,58,1.16
113,Nikolskoye,RU,2022-02-03 03:38:52,59.7035,30.7861,17.49,100,95,1.1
114,Aklavik,CA,2022-02-03 03:38:52,68.2191,-135.0107,-24.77,98,100,3.76
115,Pitimbu,BR,2022-02-03 03:38:53,-7.4706,-34.8086,79.39,78,60,10.25
116,Gambela,ET,2022-02-03 03:38:53,8.25,34.5833,79.68,38,63,2.33
117,Ancud,CL,2022-02-03 03:38:53,-41.8697,-73.8203,53.42,92,74,3.51
118,Road Town,VG,2022-02-03 03:38:54,18.4167,-64.6167,77.0,75,3,16.08
119,Suileng,CN,2022-02-03 03:38:54,47.25,127.0833,3.36,82,77,4.79
120,Uglich,RU,2022-02-03 03:38:54,57.5275,38.3317,14.95,97,100,3.15
121,Seoul,KR,2022-02-03 03:38:51,37.5683,126.9778,33.19,37,0,9.22
122,Honningsvag,NO,2022-02-03 03:38:55,70.9821,25.9704,17.13,70,100,11.61
123,Bilma,NE,2022-02-03 03:34:54,18.6853,12.9164,51.37,34,0,12.68
124,Gladstone,AU,2022-02-03 03:38:55,-23.85,151.25,89.53,55,40,16.11
125,Huicungo,PE,2022-02-03 03:38:55,-7.2833,-76.8,71.56,81,100,2.17
126,Mangan,IN,2022-02-03 03:38:55,27.5167,88.5333,57.24,55,43,5.01
127,Half Moon Bay,US,2022-02-03 03:38:56,37.4636,-122.4286,57.38,57,0,0.0
128,Port Blair,IN,2022-02-03 03:38:56,11.6667,92.75,79.7,66,96,9.48
129,Sur,OM,2022-02-03 03:37:24,22.5667,59.5289,71.91,46,0,18.43
130,Verkhnevilyuysk,RU,2022-02-03 03:38:57,63.4453,120.3167,-16.67,95,100,4.94
131,Oriximina,BR,2022-02-03 03:38:57,-1.7656,-55.8661,74.97,88,90,2.15
132,Lebu,CL,2022-02-03 03:35:53,-37.6167,-73.65,58.17,95,66,8.1
133,Rudnogorsk,RU,2022-02-03 03:38:58,57.2639,103.7519,-2.13,95,98,2.26
134,Cabedelo,BR,2022-02-03 03:38:58,-6.9811,-34.8339,79.47,78,73,10.67
135,Provideniya,RU,2022-02-03 03:38:58,64.3833,-173.3,2.07,71,98,23.69
136,Ribeira Grande,PT,2022-02-03 03:38:59,38.5167,-28.7,58.93,70,16,3.27
137,Angoche,MZ,2022-02-03 03:38:59,-16.2325,39.9086,74.64,90,53,5.08
138,Itarantim,BR,2022-02-03 03:38:59,-15.6597,-40.0656,69.6,95,90,1.59
139,Poum,NC,2022-02-03 03:38:59,-20.2333,164.0167,81.19,70,0,0.94
140,Port Elizabeth,ZA,2022-02-03 03:39:00,-33.918,25.5701,71.1,88,40,12.66
141,Cherskiy,RU,2022-02-03 03:39:00,68.75,161.3,-19.46,82,82,2.98
142,Kushima,JP,2022-02-03 03:39:00,31.4583,131.2333,44.64,86,100,4.72
143,Chokurdakh,RU,2022-02-03 03:39:01,70.6333,147.9167,-23.35,98,68,6.58
144,Jand,PK,2022-02-03 03:39:01,33.4299,72.0193,52.02,66,66,4.27
145,Sitka,US,2022-02-03 03:35:16,57.0531,-135.33,37.29,93,100,4.61
146,Carnarvon,AU,2022-02-03 03:39:01,-24.8667,113.6333,91.47,55,3,8.05
147,Meulaboh,ID,2022-02-03 03:39:02,4.1363,96.1285,84.85,65,24,3.09
148,Comodoro Rivadavia,AR,2022-02-03 03:39:02,-45.8667,-67.5,73.26,35,0,12.66
149,Mayor Pablo Lagerenza,PY,2022-02-03 03:39:03,-19.9309,-60.7718,80.76,53,27,5.75
150,Atuona,PF,2022-02-03 03:39:03,-9.8,-139.0333,78.71,75,100,17.58
151,Bredasdorp,ZA,2022-02-03 03:39:03,-34.5322,20.0403,62.28,82,0,6.53
152,Padang,ID,2022-02-03 03:39:03,-0.9492,100.3543,80.65,67,76,3.85
153,Esperance,AU,2022-02-03 03:39:04,-33.8667,121.9,78.64,47,8,16.87
154,Baruun-Urt,MN,2022-02-03 03:39:04,46.6806,113.2792,0.07,76,16,5.77
155,Tiksi,RU,2022-02-03 03:39:05,71.6872,128.8694,-2.47,91,100,9.8
156,Rock Sound,BS,2022-02-03 03:39:05,24.9,-76.2,73.15,64,4,18.52
157,Salalah,OM,2022-02-03 03:39:05,17.0151,54.0924,75.29,23,0,6.91
158,Belomorsk,RU,2022-02-03 03:39:06,64.5232,34.7668,11.35,97,99,3.91
159,Jati,PK,2022-02-03 03:39:06,24.3539,68.2671,68.11,20,3,8.5
160,Cayenne,GF,2022-02-03 03:39:06,4.9333,-52.3333,79.09,87,75,1.99
161,Hastiere,BE,2022-02-03 03:39:07,50.2167,4.8167,45.09,92,100,16.11
162,Alice Springs,AU,2022-02-03 03:34:27,-23.7,133.8833,72.95,60,100,13.8
163,Cairns,AU,2022-02-03 03:39:07,-16.9167,145.7667,93.15,62,75,12.66
164,Hithadhoo,MV,2022-02-03 03:39:07,-0.6,73.0833,81.59,70,6,4.07
165,Kjollefjord,NO,2022-02-03 03:39:08,70.9457,27.3465,17.42,86,0,8.05
166,Alta Floresta,BR,2022-02-03 03:39:08,-9.8756,-56.0861,71.17,95,78,1.63
167,Kloulklubed,PW,2022-02-03 03:39:09,7.0419,134.2556,84.7,75,100,18.39
168,Junin,AR,2022-02-03 03:39:09,-34.5838,-60.9433,67.28,93,100,9.48
169,Kapoeta,SS,2022-02-03 03:39:09,4.7717,33.5903,83.5,33,100,5.39
170,Mackenzie,CA,2022-02-03 03:39:09,55.2999,-123.1698,3.42,92,100,0.0
171,Oistins,BB,2022-02-03 03:39:10,13.0667,-59.5333,77.09,78,40,18.41
172,Bac Lieu,VN,2022-02-03 03:34:15,9.285,105.7244,85.12,63,75,17.4
173,Pacific Grove,US,2022-02-03 03:39:10,36.6177,-121.9166,55.42,43,0,3.0
174,Natal,BR,2022-02-03 03:37:59,-5.795,-35.2094,80.82,83,20,8.05
175,Togur,RU,2022-02-03 03:39:11,58.3631,82.8265,11.53,93,100,9.15
176,Valdivia,CL,2022-02-03 03:39:11,-39.8142,-73.2459,55.49,97,14,1.68
177,Haputale,LK,2022-02-03 03:39:11,6.7681,80.9595,64.99,73,60,3.51
178,Qaqortoq,GL,2022-02-03 03:39:12,60.7167,-46.0333,7.3,59,100,17.98
179,Yarmouth,US,2022-02-03 03:39:12,41.7057,-70.2286,41.97,96,100,5.75
180,Erzin,TR,2022-02-03 03:39:12,36.9559,36.2,48.72,73,45,11.65
181,Cobija,BO,2022-02-03 03:39:13,-11.0267,-68.7692,71.13,99,95,2.73
182,Khandbari,NP,2022-02-03 03:39:13,27.3747,87.2039,56.61,58,52,3.02
183,Hobart,AU,2022-02-03 03:40:13,-42.8794,147.3294,64.26,62,20,1.01
184,Katsuura,JP,2022-02-03 03:37:20,35.1333,140.3,50.04,44,100,3.24
185,Nuuk,GL,2022-02-03 03:40:14,64.1835,-51.7216,18.21,62,40,17.27
186,Arrecife,ES,2022-02-03 03:40:14,28.963,-13.5477,69.78,52,90,5.75
187,Hilo,US,2022-02-03 03:37:28,19.7297,-155.09,74.93,79,100,8.05
188,Volot,RU,2022-02-03 03:40:15,57.9278,30.7025,17.33,98,100,0.58
189,Henties Bay,NA,2022-02-03 03:40:15,-22.116,14.2845,65.86,85,1,4.94
190,Sept-Iles,CA,2022-02-03 03:36:14,50.2001,-66.3821,29.05,95,100,3.0
191,Anadyr,RU,2022-02-03 03:40:15,64.75,177.4833,12.7,72,0,38.03
192,Meybod,IR,2022-02-03 03:40:16,32.2501,54.0166,41.02,39,0,3.36
193,Trinidad,BO,2022-02-03 03:40:16,-14.8333,-64.9,73.0,98,32,3.65
194,Mazagao,BR,2022-02-03 03:40:16,-0.115,-51.2894,78.85,98,100,2.82
195,Atocha,BO,2022-02-03 03:40:17,-20.9333,-66.2333,47.17,84,29,6.71
196,Nizhniy Odes,RU,2022-02-03 03:40:17,63.6445,54.856,21.72,96,100,6.2
197,Pisco,PE,2022-02-03 03:40:17,-13.7,-76.2167,68.05,83,0,11.5
198,Nanortalik,GL,2022-02-03 03:40:18,60.1432,-45.2371,18.99,79,100,11.97
199,Komsomolskiy,UZ,2022-02-03 03:40:18,40.4272,71.7189,33.22,86,92,2.3
200,Lagoa,PT,2022-02-03 03:40:18,39.05,-27.9833,57.31,73,2,2.13
201,Bathsheba,BB,2022-02-03 03:40:19,13.2167,-59.5167,77.61,78,40,18.41
202,Arilje,RS,2022-02-03 03:40:19,43.7531,20.0956,39.56,98,100,4.54
203,Geraldton,AU,2022-02-03 03:38:26,-28.7667,114.6,102.61,12,1,25.32
204,Tabas,IR,2022-02-03 03:40:20,33.5959,56.9244,44.73,40,0,0.76
205,Faya,SA,2022-02-03 03:40:20,18.3851,42.4509,51.91,69,73,2.15
206,Juneau,US,2022-02-03 03:40:20,58.3019,-134.4197,27.21,91,100,6.91
207,Luderitz,NA,2022-02-03 03:40:20,-26.6481,15.1594,67.08,80,58,5.14
208,Nemuro,JP,2022-02-03 03:40:21,43.3236,145.575,28.83,65,7,6.58
209,Mlowo,TZ,2022-02-03 03:40:21,-9.0,32.9833,59.34,95,100,2.71
210,Mournies,GR,2022-02-03 03:40:21,35.4764,24.0092,47.82,87,40,0.0
211,Forestville,US,2022-02-03 03:40:22,38.8451,-76.875,44.69,86,0,5.75
212,Roma,US,2022-02-03 03:40:22,43.2128,-75.4557,42.66,67,100,6.91
213,Camargo,MX,2022-02-03 03:40:22,27.6667,-105.1667,53.8,47,100,17.13
214,Singkang,MY,2022-02-03 03:40:23,2.1006,102.7994,85.89,53,29,3.91
215,Havelock,US,2022-02-03 03:37:23,34.8791,-76.9013,52.99,88,79,1.99
216,Asau,RO,2022-02-03 03:40:23,46.4333,26.4,27.52,86,100,4.03
217,Gazli,UZ,2022-02-03 03:40:23,40.1333,63.45,39.47,62,0,9.4
218,Libreville,GA,2022-02-03 03:40:24,0.3925,9.4537,79.61,79,100,5.75
219,Burns Lake,CA,2022-02-03 03:40:24,54.2331,-125.7533,6.22,96,94,2.44
220,Hasaki,JP,2022-02-03 03:40:24,35.7333,140.8333,54.28,37,100,6.96
221,Saint-Philippe,RE,2022-02-03 03:40:25,-21.3585,55.7679,81.99,94,100,37.11
222,Japura,ID,2022-02-03 03:40:25,-0.3167,102.35,85.53,67,90,3.09
223,Aberdeen,GB,2022-02-03 03:40:25,57.1437,-2.0981,49.5,79,100,10.36
224,Lokosovo,RU,2022-02-03 03:40:25,61.1333,74.8167,19.42,92,99,11.99
225,Anchorage,US,2022-02-03 03:38:46,61.2181,-149.9003,22.66,84,0,3.0
226,Te Anau,NZ,2022-02-03 03:40:26,-45.4167,167.7167,61.61,73,100,4.38
227,Tacuarembo,UY,2022-02-03 03:40:26,-31.7333,-55.9833,71.65,49,74,5.26
228,Blackfoot,US,2022-02-03 03:40:27,43.1905,-112.345,10.18,93,89,3.49
229,Margate,GB,2022-02-03 03:40:27,51.3813,1.3862,47.75,81,100,3.0
230,Davila,PH,2022-02-03 03:40:27,18.4726,120.5763,82.38,66,2,5.64
231,Mar Del Plata,AR,2022-02-03 03:37:17,-38.0023,-57.5575,73.09,85,100,7.0
232,Burgersdorp,ZA,2022-02-03 03:40:28,-30.9977,26.3286,64.81,91,48,3.8
233,Farah,AF,2022-02-03 03:40:28,32.5,62.5,39.29,46,0,5.66
234,La Trinidad,PH,2022-02-03 03:40:28,16.455,120.5875,74.84,48,3,4.7
235,Rocha,UY,2022-02-03 03:40:29,-34.4833,-54.3333,65.73,97,27,6.98
236,Nome,US,2022-02-03 03:40:29,64.5011,-165.4064,8.67,61,0,29.93
237,Heihe,CN,2022-02-03 03:40:29,50.2441,127.4902,5.58,72,15,11.92
238,Roald,NO,2022-02-03 03:40:30,62.5833,6.1333,35.01,80,100,18.41
239,Kirakira,SB,2022-02-03 03:40:30,-10.4544,161.9205,81.99,82,100,8.63
240,Wagga Wagga,AU,2022-02-03 03:40:30,-35.1167,147.3667,77.59,33,1,12.66
241,Cururupu,BR,2022-02-03 03:40:30,-1.8283,-44.8683,76.37,89,100,4.36
242,Marzuq,YE,2022-02-03 03:40:31,14.4,46.4667,59.77,37,16,2.57
243,Alexandria,EG,2022-02-03 03:40:31,31.2156,29.9553,46.36,87,40,4.61
244,Ambilobe,MG,2022-02-03 03:40:31,-13.2,49.05,75.33,91,98,0.89
245,Bara,NG,2022-02-03 03:40:32,10.3744,10.7288,60.8,20,40,6.38
246,Vurnary,RU,2022-02-03 03:40:32,55.4904,46.9648,14.0,98,100,3.11
247,Korla,CN,2022-02-03 03:40:32,41.7597,86.1469,27.28,43,54,5.7
248,Sompeta,IN,2022-02-03 03:40:33,18.9333,84.6,77.29,64,23,7.67
249,Bayan,CN,2022-02-03 03:40:33,46.0833,127.4,5.9,83,84,9.22
250,Carutapera,BR,2022-02-03 03:40:33,-1.195,-46.02,76.86,90,100,7.27
251,Yerbogachen,RU,2022-02-03 03:40:34,61.2767,108.0108,1.35,94,100,6.49
252,Tongliao,CN,2022-02-03 03:40:34,43.6125,122.2653,11.16,70,4,11.27
253,Sobolevo,RU,2022-02-03 03:40:34,54.4299,31.8996,24.06,97,100,3.62
254,Kaitangata,NZ,2022-02-03 03:40:35,-46.2817,169.8464,54.72,92,100,4.68
255,Faanui,PF,2022-02-03 03:40:35,-16.4833,-151.75,81.41,77,13,19.57
256,Emerald,AU,2022-02-03 03:40:35,-23.5333,148.1667,75.34,100,75,11.5
257,Mabaruma,GY,2022-02-03 03:40:36,8.2,-59.7833,71.42,96,1,2.42
258,Kayseri,TR,2022-02-03 03:38:59,38.737,35.4968,44.62,53,75,23.02
259,Kedrovyy,RU,2022-02-03 03:38:21,56.1667,91.8167,-10.79,88,89,4.12
260,Price,US,2022-02-03 03:40:36,39.5994,-110.8107,20.46,38,0,13.8
261,Thompson,CA,2022-02-03 03:40:37,55.7435,-97.8558,-14.64,76,0,11.5
262,Manicore,BR,2022-02-03 03:40:37,-5.8092,-61.3003,72.91,99,100,1.05
263,Warrnambool,AU,2022-02-03 03:40:37,-38.3833,142.4833,64.81,66,100,17.47
264,Minggang,CN,2022-02-03 03:40:37,32.4586,114.0486,42.03,45,100,3.78
265,Tuatapere,NZ,2022-02-03 03:40:38,-46.1333,167.6833,57.81,63,100,8.84
266,Iqaluit,CA,2022-02-03 03:40:38,63.7506,-68.5145,10.13,85,75,11.5
267,Yuancheng,CN,2022-02-03 03:40:38,36.652,107.7896,25.74,70,94,3.96
268,Bassila,BJ,2022-02-03 03:40:39,9.0081,1.6654,67.01,15,68,4.61
269,Jiehu,CN,2022-02-03 03:40:39,35.5428,118.455,41.23,28,28,1.12
270,Sola,VU,2022-02-03 03:40:39,-13.8833,167.55,81.84,75,100,14.92
271,Bengkulu,ID,2022-02-03 03:40:40,-3.8004,102.2655,83.35,70,70,6.33
272,Rundu,NA,2022-02-03 03:40:40,-17.9333,19.7667,65.12,67,55,1.63
273,Sao Filipe,CV,2022-02-03 03:40:40,14.8961,-24.4956,72.97,77,0,12.97
274,High Rock,BS,2022-02-03 03:40:41,26.6208,-78.2833,69.82,69,24,17.11
275,Abu Dhabi,AE,2022-02-03 03:37:20,24.4667,54.3667,63.97,73,0,2.3
276,Mchinji,MW,2022-02-03 03:41:41,-13.7984,32.8802,61.93,97,32,2.84
277,Santarem,BR,2022-02-03 03:41:42,-2.4431,-54.7083,80.73,89,40,6.91
278,Omboue,GA,2022-02-03 03:41:42,-1.5746,9.2618,77.43,85,100,5.28
279,Safaga,EG,2022-02-03 03:41:42,26.7292,33.9365,63.59,38,14,6.58
280,Talnakh,RU,2022-02-03 03:41:43,69.4865,88.3972,-10.86,98,100,6.85
281,Camacha,PT,2022-02-03 03:41:43,33.0833,-16.3333,63.54,94,40,5.75
282,Chanal,MX,2022-02-03 03:41:43,16.7167,-92.4,63.03,87,65,2.37
283,Jiexiu,CN,2022-02-03 03:41:43,37.0244,111.9125,30.56,32,77,3.74
284,Ucluelet,CA,2022-02-03 03:41:44,48.9329,-125.5528,42.1,92,100,4.68
285,Barrow,US,2022-02-03 03:41:44,71.2906,-156.7887,-21.98,76,75,0.0
286,Santa Rosa,PH,2022-02-03 03:41:08,14.3122,121.1114,84.11,80,86,13.35
287,Hambantota,LK,2022-02-03 03:41:45,6.1241,81.1185,80.94,74,20,4.61
288,Lompoc,US,2022-02-03 03:40:25,34.6391,-120.4579,55.71,50,0,6.91
289,Arraial Do Cabo,BR,2022-02-03 03:41:45,-22.9661,-42.0278,75.0,88,99,4.76
290,Chimay,BE,2022-02-03 03:41:45,50.0486,4.3171,43.99,93,100,7.92
291,Skibbereen,IE,2022-02-03 03:40:38,51.55,-9.2667,50.11,91,93,10.56
292,Kipushi,CD,2022-02-03 03:41:46,-11.7667,27.2333,60.8,98,100,2.53
293,Tombouctou,ML,2022-02-03 03:41:46,20.0,-3.0,57.43,23,62,11.18
294,Klaksvik,FO,2022-02-03 03:41:46,62.2266,-6.589,38.32,98,100,11.83
295,La Macarena,CO,2022-02-03 03:41:47,2.1837,-73.7849,74.91,52,79,2.08
296,Luanda,AO,2022-02-03 03:41:47,-8.8368,13.2343,75.2,88,40,2.3
297,Nizhniy Kuranakh,RU,2022-02-03 03:41:48,58.8353,125.4869,-6.27,91,100,6.78
298,Bontang,ID,2022-02-03 03:41:48,0.1333,117.5,84.63,65,79,9.93
299,Kumbo,CM,2022-02-03 03:41:48,6.2,10.6667,58.95,34,49,4.41
300,Dubbo,AU,2022-02-03 03:41:48,-32.25,148.6167,80.73,39,40,13.8
301,Kruisfontein,ZA,2022-02-03 03:41:49,-34.0033,24.7314,68.88,83,100,8.57
302,Yinchuan,CN,2022-02-03 03:41:49,38.4681,106.2731,25.77,18,100,8.84
303,La Plata,AR,2022-02-03 03:41:50,-34.9215,-57.9545,80.37,74,95,13.51
304,Council Bluffs,US,2022-02-03 03:41:50,41.2619,-95.8608,11.3,49,100,18.41
305,Osakarovka,KZ,2022-02-03 03:41:50,50.565,72.5692,5.76,86,83,4.72
306,Tadine,NC,2022-02-03 03:41:50,-21.55,167.8833,82.53,74,97,11.5
307,Maceio,BR,2022-02-03 03:40:40,-9.6658,-35.7353,78.24,88,20,1.14
308,Zalantun,CN,2022-02-03 03:41:51,48.0,122.7167,6.31,61,14,14.09
309,Anito,PH,2022-02-03 03:41:51,12.4497,125.2886,79.18,89,98,11.34
310,Diamantino,BR,2022-02-03 03:41:52,-14.4086,-56.4461,71.6,95,35,4.59
311,Rio Grande,BR,2022-02-03 03:41:52,-32.035,-52.0986,75.31,82,3,16.35
312,Zaysan,KZ,2022-02-03 03:41:52,47.4667,84.8667,3.69,85,6,1.9
313,Whitehorse,CA,2022-02-03 03:41:53,60.7161,-135.0538,-4.99,67,75,8.99
314,Abu Samrah,SY,2022-02-03 03:41:53,35.3029,37.1841,45.54,58,66,10.51
315,La Ronge,CA,2022-02-03 03:41:53,55.1001,-105.2842,-27.15,68,0,3.44
316,Ketchikan,US,2022-02-03 03:41:54,55.3422,-131.6461,37.38,93,100,4.61
317,Maple Creek,CA,2022-02-03 03:41:54,49.9168,-109.4848,-0.35,65,19,23.02
318,San Patricio,US,2022-02-03 03:41:54,28.017,-97.5169,71.69,84,100,4.25
319,Sao Joao Da Barra,BR,2022-02-03 03:38:44,-21.6403,-41.0511,73.15,94,100,8.41
320,Castro,BR,2022-02-03 03:37:21,-24.7911,-50.0119,62.38,99,15,6.15
321,Tezu,IN,2022-02-03 03:41:55,27.9167,96.1667,66.69,40,97,3.74
322,Shenandoah,US,2022-02-03 03:41:55,30.4013,-91.0009,66.97,96,100,1.99
323,Khatanga,RU,2022-02-03 03:41:56,71.9667,102.5,-35.3,99,33,1.36
324,Marsaxlokk,MT,2022-02-03 03:41:56,35.8419,14.5431,54.09,87,0,11.5
325,Lorengau,PG,2022-02-03 03:41:56,-2.0226,147.2712,78.98,81,100,4.14
326,Korem,ET,2022-02-03 03:41:57,12.5058,39.5228,50.94,92,100,4.21
327,Pasighat,IN,2022-02-03 03:41:57,28.0667,95.3333,65.79,48,76,4.03
328,Cabo Rojo,PR,2022-02-03 03:39:58,18.0866,-67.1457,75.81,89,3,5.39
329,Isabela,PH,2022-02-03 03:41:57,6.7085,121.9711,84.25,62,88,6.22
330,Miass,RU,2022-02-03 03:40:06,55.045,60.1083,15.82,93,99,5.14
331,Muddebihal,IN,2022-02-03 03:41:58,16.3333,76.1333,77.23,35,5,7.18
332,Vallenar,CL,2022-02-03 03:41:58,-28.5708,-70.7581,67.17,62,0,2.24
333,Sechura,PE,2022-02-03 03:41:58,-5.5569,-80.8222,72.36,73,51,12.68
334,Huarmey,PE,2022-02-03 03:41:59,-10.0681,-78.1522,71.06,81,97,10.04
335,Den Helder,NL,2022-02-03 03:41:59,52.9599,4.7593,47.07,94,100,14.0
336,Tame,CO,2022-02-03 03:41:59,6.461,-71.73,76.57,47,19,3.78
337,Maldonado,UY,2022-02-03 03:41:58,-34.6667,-54.9167,72.79,90,49,9.89
338,Deputatskiy,RU,2022-02-03 03:42:00,69.3,139.9,-23.94,92,51,4.74
339,Sal Rei,CV,2022-02-03 03:42:00,16.1833,-22.9167,68.56,83,0,17.74
340,Egvekinot,RU,2022-02-03 03:42:01,66.3167,-179.1667,-9.87,77,5,19.71
341,Inuvik,CA,2022-02-03 03:42:01,68.3499,-133.7218,-19.19,68,20,0.0
342,Atar,MR,2022-02-03 03:42:02,20.5169,-13.0499,68.67,23,0,7.29
343,Irtyshskiy,RU,2022-02-03 03:42:03,58.3333,68.1333,9.84,97,99,6.8
344,Paamiut,GL,2022-02-03 03:42:03,61.994,-49.6678,22.91,76,100,21.63
345,La Crosse,US,2022-02-03 03:42:03,43.8014,-91.2396,8.42,58,0,4.0
346,Viedma,AR,2022-02-03 03:40:26,-40.8135,-62.9967,71.38,43,38,6.35
347,Adre,TD,2022-02-03 03:42:04,13.4667,22.2,62.08,17,0,7.58
348,Huanren,CN,2022-02-03 03:42:04,41.2647,125.3667,19.36,43,1,3.96
349,Ocampo,MX,2022-02-03 03:42:04,21.65,-101.5,53.69,35,0,7.49
350,Jasidih,IN,2022-02-03 03:42:05,24.5167,86.65,69.28,39,0,9.04
351,Brive-La-Gaillarde,FR,2022-02-03 03:42:06,45.25,1.5,38.84,72,72,3.15
352,Suicheng,CN,2022-02-03 03:42:07,33.8963,117.9331,42.84,39,62,4.7
353,Krylovskaya,RU,2022-02-03 03:42:07,46.3194,39.9711,42.04,72,100,11.77
354,Khuzhir,RU,2022-02-03 03:42:07,53.1939,107.3397,4.86,86,90,3.42
355,Impfondo,CG,2022-02-03 03:42:08,1.6381,18.0667,74.97,32,100,2.24
356,Airai,TL,2022-02-03 03:42:08,-8.9266,125.4092,72.93,63,95,5.59
357,Najran,SA,2022-02-03 03:42:08,17.4924,44.1277,50.65,41,70,1.63
358,Luau,AO,2022-02-03 03:42:09,-10.7073,22.2247,64.35,96,100,3.29
359,Namatanai,PG,2022-02-03 03:42:09,-3.6667,152.4333,79.56,83,100,10.18
360,San Quintin,MX,2022-02-03 03:37:21,30.4833,-115.95,57.38,56,0,3.29
361,Port Hedland,AU,2022-02-03 03:39:31,-20.3167,118.5667,93.25,27,96,11.5
362,Kapit,MY,2022-02-03 03:42:10,2.0167,112.9333,83.01,82,94,1.99
363,Bereda,ES,2022-02-03 03:42:10,43.2686,-7.5406,46.15,97,98,1.39
364,Mehamn,NO,2022-02-03 03:42:10,71.0357,27.8492,17.55,86,0,8.05
365,Byron Bay,AU,2022-02-03 03:39:39,-28.65,153.6167,77.05,95,100,19.1
366,Puerto Ayacucho,VE,2022-02-03 03:43:11,5.6639,-67.6236,76.15,84,96,3.67
367,Ugoofaaru,MV,2022-02-03 03:43:11,5.6667,73.0,80.73,72,17,6.33
368,Tomatlan,MX,2022-02-03 03:43:11,19.9333,-105.25,61.23,90,0,3.4
369,Chum Phae,TH,2022-02-03 03:43:12,16.5443,102.0992,84.2,49,20,5.7
370,Gazojak,TM,2022-02-03 03:43:12,41.1875,61.4036,37.31,58,0,10.16
371,Tumbagaan,PH,2022-02-03 03:43:12,5.3656,120.3139,82.27,67,100,2.53
372,Mana,GF,2022-02-03 03:43:13,5.6592,-53.7767,76.78,86,99,10.6
373,Flin Flon,CA,2022-02-03 03:42:14,54.7682,-101.865,-21.86,100,13,5.61
374,Esmeraldas,BR,2022-02-03 03:43:13,-19.7625,-44.3139,70.66,93,100,2.64
375,Adrar,MR,2022-02-03 03:43:13,20.5022,-10.0711,62.47,17,0,11.14
376,Limon,CR,2022-02-03 03:43:14,10.0,-83.0333,73.22,80,12,4.29
377,Churapcha,RU,2022-02-03 03:43:14,62.0025,132.4325,-21.78,90,100,3.51
378,Sao Pedro Do Sul,BR,2022-02-03 03:43:14,-29.6206,-54.1789,74.05,52,6,7.27
379,Dunedin,NZ,2022-02-03 03:39:41,-45.8742,170.5036,58.8,89,100,5.99
380,Saint-Francois,FR,2022-02-03 03:43:15,46.4154,3.9054,41.41,99,100,3.44
381,Bambous Virieux,MU,2022-02-03 03:43:15,-20.3428,57.7575,79.05,94,75,26.46
382,Solnechnyy,RU,2022-02-03 03:43:15,50.7214,136.6319,5.99,86,97,2.42
383,Wonthaggi,AU,2022-02-03 03:43:16,-38.6044,145.5913,66.06,62,98,17.31
384,Rincon,US,2022-02-03 03:43:16,32.296,-81.2354,59.45,95,75,5.75
385,Tessalit,ML,2022-02-03 03:43:17,20.1986,1.0114,57.45,16,16,11.14
386,Guerrero Negro,MX,2022-02-03 03:43:17,27.9769,-114.0611,58.73,28,0,15.86
387,Raudeberg,NO,2022-02-03 03:43:17,61.9875,5.1352,34.86,74,100,3.0
388,Labuan,MY,2022-02-03 03:43:18,5.2767,115.2417,87.96,74,20,5.75
389,Talcahuano,CL,2022-02-03 03:43:18,-36.7167,-73.1167,60.48,77,100,4.61
390,Ashland,US,2022-02-03 03:38:42,40.8167,-82.2665,40.26,98,100,9.28
391,Mwadui,TZ,2022-02-03 03:43:18,-3.55,33.6,64.99,83,98,0.65
392,Vila Franca Do Campo,PT,2022-02-03 03:43:19,37.7167,-25.4333,60.19,76,62,8.99
393,Devils Lake,US,2022-02-03 03:43:19,48.1128,-98.8651,-16.62,76,0,11.5
394,Canutama,BR,2022-02-03 03:43:19,-6.5339,-64.3831,73.08,99,100,0.94
395,Claveria,PH,2022-02-03 03:43:19,18.6074,121.0832,82.35,61,2,9.26
396,Amalapuram,IN,2022-02-03 03:43:20,16.5833,82.0167,75.58,57,57,4.12
397,Cockburn Town,TC,2022-02-03 03:43:20,21.4612,-71.1419,72.3,83,100,17.87
398,Vardo,NO,2022-02-03 03:43:20,70.3705,31.1107,23.2,56,100,17.96
399,Sakaiminato,JP,2022-02-03 03:43:21,35.55,133.2333,48.18,43,75,12.66
400,Zhangjiakou,CN,2022-02-03 03:43:21,40.81,114.8794,17.64,43,15,7.43
401,Wanxian,CN,2022-02-03 03:43:21,30.8039,108.3897,49.5,61,99,2.06
402,Sorland,NO,2022-02-03 03:43:22,67.667,12.6934,27.86,60,100,11.07
403,Billings,US,2022-02-03 03:43:22,45.7833,-108.5007,-0.63,73,0,0.0
404,Edinburg,GB,2022-02-03 03:40:58,55.9521,-3.1965,48.72,86,100,5.99
405,Riverton,US,2022-02-03 03:39:47,40.5219,-111.9391,23.23,69,40,1.99
406,Hokitika,NZ,2022-02-03 03:43:23,-42.7167,170.9667,66.04,99,100,8.61
407,Veraval,IN,2022-02-03 03:43:23,20.9,70.3667,75.04,69,25,13.11
408,Pullman,US,2022-02-03 03:43:23,46.7313,-117.1796,24.84,86,100,10.0
409,Benito Juarez,MX,2022-02-03 03:43:23,19.385,-99.165,64.0,51,2,1.99
410,Fortuna,US,2022-02-03 03:43:24,40.5982,-124.1573,48.92,85,100,1.99
411,Mandera,KE,2022-02-03 03:43:24,3.9366,41.867,78.89,45,95,7.11
412,Pevek,RU,2022-02-03 03:43:26,69.7008,170.3133,-6.81,72,2,3.98
413,Kernersville,US,2022-02-03 03:43:26,36.1199,-80.0736,48.87,66,75,3.44
414,Valparaiso,CL,2022-02-03 03:43:26,-33.0393,-71.6273,58.64,77,0,3.44
415,Saint George,US,2022-02-03 03:41:01,37.1041,-113.5841,37.63,23,0,4.0
416,Sorata,BO,2022-02-03 03:43:27,-15.7667,-68.6333,45.19,96,88,3.53
417,Konza,KE,2022-02-03 03:43:27,-1.7426,37.1294,64.58,91,99,2.44
418,Itarema,BR,2022-02-03 03:43:28,-2.9248,-39.9167,78.75,80,100,9.89
419,Krasnoselkup,RU,2022-02-03 03:43:28,65.7,82.4667,-10.52,97,87,10.27
420,Constitucion,CL,2022-02-03 03:43:28,-35.3333,-72.4167,56.88,88,70,4.43
421,Sisimiut,GL,2022-02-03 03:43:29,66.9395,-53.6735,4.87,68,100,21.5
422,Hualmay,PE,2022-02-03 03:43:29,-11.0964,-77.6139,70.09,82,83,9.33
423,Kuznechnoye,RU,2022-02-03 03:43:29,61.12,29.8686,3.45,98,78,2.8
424,Burnie,AU,2022-02-03 03:43:30,-41.0667,145.9167,71.92,48,74,11.52
425,Kenai,US,2022-02-03 03:43:30,60.5544,-151.2583,21.15,83,75,6.91
426,Morondava,MG,2022-02-03 03:43:31,-20.2833,44.2833,78.87,85,87,5.61
427,Piney Green,US,2022-02-03 03:43:31,34.716,-77.3202,53.19,78,100,0.0
428,San Luis Rio Colorado,MX,2022-02-03 03:43:31,32.4631,-114.7767,54.37,10,0,27.04
429,Praia Da Vitoria,PT,2022-02-03 03:43:31,38.7333,-27.0667,55.76,94,40,6.22
430,Vila Velha,BR,2022-02-03 03:43:32,-20.3297,-40.2925,75.15,96,100,5.75
431,Kismayo,SO,2022-02-03 03:43:32,-0.3582,42.5454,78.71,85,93,12.64
432,Bulungu,CD,2022-02-03 03:43:33,-4.55,18.6,69.49,98,100,2.37
433,Verkhoyansk,RU,2022-02-03 03:43:33,67.5447,133.385,-27.26,97,97,1.28
434,Cedar City,US,2022-02-03 03:43:33,37.6775,-113.0619,18.57,49,0,6.91
435,Chulym,RU,2022-02-03 03:43:34,55.0997,80.9572,2.03,100,100,5.88
436,Zhaotong,CN,2022-02-03 03:43:34,27.3167,103.7167,33.66,79,85,2.98
437,Bhawanigarh,IN,2022-02-03 03:43:34,30.2667,76.035,52.99,88,100,13.4
438,Vigeland,NO,2022-02-03 03:43:35,58.0844,7.305,43.05,87,100,5.93
439,Charagua,BO,2022-02-03 03:43:35,-19.8,-63.2167,72.1,68,5,6.22
440,Kalaleh,IR,2022-02-03 03:43:36,37.3807,55.4916,46.0,57,0,0.0
441,Erenhot,CN,2022-02-03 03:43:36,43.6475,111.9767,5.05,75,6,5.23
442,Doba,TD,2022-02-03 03:43:36,8.65,16.85,65.89,20,13,5.06
443,Port Shepstone,ZA,2022-02-03 03:43:37,-30.7414,30.455,77.45,90,93,13.33
444,Saint-Georges,GD,2022-02-03 03:43:37,12.0564,-61.7485,78.48,78,20,18.41
445,Saint-Augustin,CA,2022-02-03 03:43:38,51.226,-58.6502,26.6,95,100,17.54
446,Muroto,JP,2022-02-03 03:43:38,33.2833,134.15,50.04,64,100,4.32
447,Tamworth,GB,2022-02-03 03:43:38,52.634,-1.6959,47.62,89,100,4.0
448,Opuwo,NA,2022-02-03 03:43:39,-18.0607,13.84,61.0,64,3,2.57
449,Berlevag,NO,2022-02-03 03:43:39,70.8578,29.0864,17.6,62,100,13.71
450,Panguna,PG,2022-02-03 03:43:40,-6.3164,155.4848,71.11,96,100,2.73
451,Taldan,RU,2022-02-03 03:43:40,53.6667,124.8,3.22,52,34,11.65
452,Bermeo,ES,2022-02-03 03:43:40,43.4209,-2.7215,47.08,68,87,9.06
453,Upernavik,GL,2022-02-03 03:43:41,72.7868,-56.1549,-8.37,64,100,6.49
454,Nyanza,RW,2022-02-03 03:43:41,-2.3519,29.7509,60.78,92,100,1.45
455,Coruripe,BR,2022-02-03 03:43:41,-10.1256,-36.1756,77.65,81,73,7.67
456,Harper,LR,2022-02-03 03:43:42,4.375,-7.7169,77.68,81,7,0.25
457,Kraskino,RU,2022-02-03 03:43:42,42.7114,130.7794,19.74,45,7,16.04
458,Birjand,IR,2022-02-03 03:43:42,32.8663,59.2211,27.07,80,0,4.61
459,Patea,NZ,2022-02-03 03:44:43,-39.7583,174.4833,79.21,46,48,8.1
460,Gravdal,NO,2022-02-03 03:44:43,68.1214,13.5031,24.44,65,100,11.3
461,Tulagi,SB,2022-02-03 03:44:44,-9.0996,160.1476,82.83,74,89,15.14
462,Concarneau,FR,2022-02-03 03:44:44,47.875,-3.9225,48.81,87,100,5.5
463,Bhinmal,IN,2022-02-03 03:44:45,25.0,72.25,65.62,26,0,7.85
464,Rockport,US,2022-02-03 03:44:45,28.0206,-97.0544,70.09,95,100,1.01
465,Lhokseumawe,ID,2022-02-03 03:44:46,5.1801,97.1507,83.95,68,9,2.64
466,Goderich,CA,2022-02-03 03:44:46,43.7501,-81.7165,26.91,93,100,14.97
467,Banes,CU,2022-02-03 03:44:47,20.9625,-75.7186,74.01,85,52,11.56
468,Shimoda,JP,2022-02-03 03:44:47,34.6667,138.95,52.16,49,92,24.72
469,Khao Wong,TH,2022-02-03 03:44:48,16.7001,104.0902,80.46,48,26,9.51
470,Quatre Cocos,MU,2022-02-03 03:44:48,-20.2078,57.7625,78.91,92,100,26.89
471,Kankakee,US,2022-02-03 03:44:48,41.15,-87.8667,26.37,90,100,16.11
472,Tecoanapa,MX,2022-02-03 03:44:49,16.5167,-98.75,74.77,72,0,5.23
473,Karratha,AU,2022-02-03 03:44:49,-20.7377,116.8463,91.17,47,70,12.24
474,Escarcega,MX,2022-02-03 03:44:49,18.6089,-90.7454,76.26,68,23,5.79
475,Yumen,CN,2022-02-03 03:44:49,40.2833,97.2,25.38,39,19,5.03
476,Kavieng,PG,2022-02-03 03:44:19,-2.5744,150.7967,80.1,79,100,13.87
477,Taoudenni,ML,2022-02-03 03:44:50,22.6783,-3.9836,60.13,28,95,11.48
478,Ilheus,BR,2022-02-03 03:44:50,-14.7889,-39.0494,75.27,85,71,1.01
479,Cidreira,BR,2022-02-03 03:44:50,-30.1811,-50.2056,75.58,88,6,20.96
480,Sarangani,PH,2022-02-03 03:44:51,5.4033,125.4636,81.34,68,100,20.47
481,Ornes,NO,2022-02-03 03:44:51,66.8689,13.7078,23.11,68,100,9.55
482,Nieuw Amsterdam,SR,2022-02-03 03:44:51,5.8833,-55.0833,76.01,90,99,9.31
483,Waling,NP,2022-02-03 03:44:52,27.9833,83.7667,59.61,55,22,4.36
484,Urubicha,BO,2022-02-03 03:44:52,-15.3833,-62.95,71.82,95,14,2.42
485,Saint Anthony,US,2022-02-03 03:44:52,45.0205,-93.218,0.93,64,0,4.0
486,Lazaro Cardenas,MX,2022-02-03 03:44:53,17.9583,-102.2,72.66,74,2,3.94
487,Kiruna,SE,2022-02-03 03:44:53,67.8557,20.2251,0.52,85,100,0.0
488,Sokoni,TZ,2022-02-03 03:44:54,-6.4333,39.55,79.09,81,99,10.02
489,Chuy,UY,2022-02-03 03:43:03,-33.6971,-53.4616,70.32,90,1,10.89
490,Yulara,AU,2022-02-03 03:44:54,-25.2406,130.9889,75.04,41,100,16.11
491,Sassandra,CI,2022-02-03 03:44:54,4.95,-6.0833,75.04,89,29,3.76
492,Norfolk,US,2022-02-03 03:44:55,42.1668,-71.2495,39.58,93,100,0.0
493,Marienburg,PL,2022-02-03 03:44:55,54.0359,19.0266,33.12,93,83,6.58
494,Bokoro,TD,2022-02-03 03:44:56,12.3807,17.0568,61.74,15,12,8.99
495,Novyy Urengoy,RU,2022-02-03 03:44:56,66.0833,76.6333,-1.93,98,100,13.42
496,Santa Marta,CO,2022-02-03 03:44:21,11.2408,-74.199,83.89,65,20,11.99
497,Necochea,AR,2022-02-03 03:44:57,-38.5473,-58.7368,67.03,74,81,10.45
498,Chingola,ZM,2022-02-03 03:44:57,-12.529,27.8838,61.02,97,100,2.08
499,Alghero,IT,2022-02-03 03:44:57,40.5589,8.3181,44.69,100,20,2.3
500,Martapura,ID,2022-02-03 03:44:58,-3.4167,114.85,80.69,89,40,2.3
501,Aloleng,PH,2022-02-03 03:44:58,16.1307,119.7824,83.98,59,6,2.21
502,Boa Vista,BR,2022-02-03 03:40:42,2.8197,-60.6733,82.38,61,40,9.22
503,Hobyo,SO,2022-02-03 03:44:58,5.3505,48.5268,77.97,71,100,16.82
504,Putai,FR,2022-02-03 03:44:59,46.6579,1.9863,40.59,91,93,2.37
505,Mendoza,AR,2022-02-03 03:43:29,-32.8908,-68.8272,74.73,60,40,6.91
506,Oudtshoorn,ZA,2022-02-03 03:44:59,-33.5907,22.2014,64.76,86,93,2.06
507,Tarrafal,CV,2022-02-03 03:44:59,15.2833,-23.7667,72.39,84,2,15.26
508,Puri,IN,2022-02-03 03:45:00,19.8,85.85,75.72,63,22,11.97
509,Enzan,JP,2022-02-03 03:45:00,35.7,138.7333,48.9,31,82,5.46
510,Gondanglegi,ID,2022-02-03 03:45:01,-7.7479,112.0132,87.03,66,25,2.42
511,Havre,FR,2022-02-03 03:45:02,49.5833,0.3333,45.45,81,100,10.36
512,Touros,BR,2022-02-03 03:45:03,-5.1989,-35.4608,79.7,79,57,10.09
513,Wiarton,CA,2022-02-03 03:44:39,44.7407,-81.1332,23.61,93,100,5.75
514,Krasnyy Chikoy,RU,2022-02-03 03:45:03,50.3643,108.7512,5.41,90,100,1.99
515,Port Hardy,CA,2022-02-03 03:45:04,50.6996,-127.4199,43.75,93,100,13.8
516,Falam,MM,2022-02-03 03:45:05,22.9167,93.6833,61.16,32,0,2.71
517,Havoysund,NO,2022-02-03 03:45:06,70.9963,24.6622,11.28,84,99,10.76
518,Neiafu,TO,2022-02-03 03:45:07,-18.65,-173.9833,81.28,89,75,5.75
519,Fort Nelson,CA,2022-02-03 03:41:26,58.8053,-122.7002,-8.01,77,100,8.05
520,Riachao Do Dantas,BR,2022-02-03 03:45:07,-11.0689,-37.725,71.58,94,72,2.51
521,Thinadhoo,MV,2022-02-03 03:45:08,0.5333,72.9333,82.18,71,5,7.45
522,Montepuez,MZ,2022-02-03 03:45:09,-13.1256,38.9997,69.3,95,56,1.39
523,Pangnirtung,CA,2022-02-03 03:45:09,66.1451,-65.7125,6.22,82,100,8.57
524,Altamira,BR,2022-02-03 03:43:02,-3.2033,-52.2064,71.33,97,99,1.9
525,Lasa,IT,2022-02-03 03:45:11,46.6166,10.7002,38.28,94,52,8.1
526,Blythe,US,2022-02-03 03:45:12,33.6103,-114.5964,50.04,12,0,26.6
527,Sabang,ID,2022-02-03 03:45:13,5.8933,95.3214,82.13,73,15,14.76
528,Arroyo Grande,US,2022-02-03 03:45:14,35.1186,-120.5907,55.69,37,0,3.0
529,Caohai,CN,2022-02-03 03:45:14,26.8661,104.2841,31.57,91,100,4.32
530,Matagami,CA,2022-02-03 03:45:15,49.7502,-77.6328,-3.89,71,0,5.75
531,Nador,MA,2022-02-03 03:41:12,35.174,-2.9287,55.65,88,0,10.36
532,Micheweni,TZ,2022-02-03 03:45:15,-4.9667,39.8333,79.97,81,98,8.03
533,Turayf,SA,2022-02-03 03:45:16,31.6725,38.6637,44.85,61,0,18.41
534,Leningradskiy,RU,2022-02-03 03:45:16,69.3833,178.4167,-13.43,91,22,9.86
535,Coyula,MX,2022-02-03 03:45:17,20.6333,-103.2,58.55,37,4,3.71
536,Urcos,PE,2022-02-03 03:45:17,-13.6861,-71.6228,55.29,89,87,4.79
537,Fairbanks,US,2022-02-03 03:40:32,64.8378,-147.7164,-21.98,70,0,0.0
538,Sibolga,ID,2022-02-03 03:45:18,1.7427,98.7792,85.41,63,45,4.14
539,Lamar,US,2022-02-03 03:45:18,33.6668,-95.5836,33.46,93,100,16.11
540,Dayong,CN,2022-02-03 03:45:19,25.0209,118.2898,53.89,93,100,3.85
541,Mendi,PG,2022-02-03 03:45:19,-6.1761,143.6513,64.44,64,100,3.29
542,Keetmanshoop,NA,2022-02-03 03:45:19,-26.5833,18.1333,67.12,70,0,6.53
543,Dingle,PH,2022-02-03 03:45:20,10.9995,122.6711,84.78,67,81,14.54
544,Basoko,CD,2022-02-03 03:45:20,1.2391,23.616,72.9,74,97,1.52
545,Owando,CG,2022-02-03 03:45:21,-0.4819,15.8999,75.16,74,99,2.71
546,Killybegs,IE,2022-02-03 03:45:21,54.6333,-8.45,48.45,90,93,17.38
547,Jumla,NP,2022-02-03 03:45:21,29.2747,82.1838,40.32,72,93,4.36
548,Khani,GE,2022-02-03 03:45:22,41.9563,42.9566,40.57,73,85,10.25
549,Kansanshi,ZM,2022-02-03 03:45:22,-12.0951,26.4273,61.18,97,100,2.19
550,Charyshskoye,RU,2022-02-03 03:45:22,51.3978,83.5598,11.7,84,8,3.02
551,Hope,US,2022-02-03 03:45:23,33.6671,-93.5916,46.45,89,100,13.0
552,Marshall,US,2022-02-03 03:42:24,34.3834,-86.3333,54.97,85,100,5.01
553,Dickinson,US,2022-02-03 03:45:24,29.4608,-95.0513,68.22,95,100,3.0
554,Portland,US,2022-02-03 03:41:00,45.5234,-122.6762,45.63,95,100,1.99
555,Deep River,CA,2022-02-03 03:45:33,46.1001,-77.4995,30.43,94,100,9.95
556,Bonthe,SL,2022-02-03 03:46:24,7.5264,-12.505,74.39,94,47,3.62
557,Kavaratti,IN,2022-02-03 03:46:25,10.5669,72.642,79.93,70,12,8.08
558,Barcelos,PT,2022-02-03 03:46:25,41.5388,-8.6151,48.69,81,100,4.03
559,Turukhansk,RU,2022-02-03 03:46:26,65.8167,87.9833,-12.51,100,52,6.76
560,Hirara,JP,2022-02-03 03:46:26,24.8,125.2833,71.87,88,75,11.5
561,Zhanakorgan,KZ,2022-02-03 03:46:27,43.9098,67.2495,26.04,81,8,4.92
562,Batticaloa,LK,2022-02-03 03:46:27,7.7102,81.6924,79.07,63,76,1.14
563,Khorixas,NA,2022-02-03 03:46:28,-20.3667,14.9667,63.25,59,1,4.63
564,Thomaston,US,2022-02-03 03:46:28,32.8882,-84.3266,60.58,76,100,3.0
565,Mwinilunga,ZM,2022-02-03 03:46:28,-11.7358,24.4293,59.56,97,100,3.02
566,Northam,GB,2022-02-03 03:46:29,51.0333,-4.2167,46.02,96,100,8.86
567,Sholokhove,UA,2022-02-03 03:46:29,47.6945,34.0312,33.15,99,100,5.3
568,Wamba,NG,2022-02-03 03:46:30,8.9333,8.6,69.15,21,15,2.84
569,Gazi,GR,2022-02-03 03:46:30,35.3253,25.0669,53.94,80,40,7.0
570,Smithers,CA,2022-02-03 03:44:04,54.7804,-127.1743,12.52,85,100,0.0
571,Moron,AR,2022-02-03 03:46:31,-34.6534,-58.6198,80.35,75,100,12.08
572,Mulanje,MW,2022-02-03 03:46:31,-16.0316,35.5,68.52,87,75,4.05
573,Nishihara,JP,2022-02-03 03:46:31,26.1842,127.7558,66.25,97,100,8.05
574,Qui Nhon,VN,2022-02-03 03:46:32,13.7667,109.2333,77.25,77,76,13.67
575,Mecca,SA,2022-02-03 03:46:32,21.4267,39.8261,67.66,75,0,2.35
576,Chernyakhovsk,RU,2022-02-03 03:46:32,54.6335,21.8156,22.78,95,93,3.96
577,Ipameri,BR,2022-02-03 03:46:33,-17.7219,-48.1597,68.13,94,100,4.72
578,Ust-Nera,RU,2022-02-03 03:46:33,64.5667,143.2,-6.56,99,100,2.46
579,Kamina,CD,2022-02-03 03:46:34,-8.7386,24.9906,62.73,95,100,2.57
580,Abu Kamal,SY,2022-02-03 03:46:34,34.4506,40.9171,47.97,53,95,9.66
581,Nioro,GM,2022-02-03 03:46:34,13.35,-15.75,71.94,67,12,5.44
